t,gt_x,gt_y,gt_z,fused_x,fused_y,fused_z,err_3d,quality
0,2,0,10,0,0,0,10.198,0
0.05,1.99938,0.0499948,10.025,1.90654,0.0392031,9.95072,0.119381,1
0.1,1.9975,0.0999583,10.05,1.90476,0.0391081,10.0161,0.11598,1
0.15,1.99438,0.149859,10.075,2.06669,0.0310175,10.0357,0.144569,1
0.2,1.99001,0.199667,10.1,2.06291,0.0307799,9.97396,0.222985,1
0.25,1.9844,0.249349,10.125,2.04703,0.194571,10.0456,0.114982,1
0.3,1.97754,0.298876,10.15,2.03702,0.218705,10.0353,0.152052,1
0.35,1.96945,0.348216,10.175,1.91156,0.210031,10.196,0.151293,1
0.4,1.96013,0.397339,10.2,1.92812,0.294641,10.2599,0.123126,1
0.45,1.94959,0.446213,10.225,1.9085,0.315978,10.2853,0.149263,1
0.5,1.93782,0.494808,10.25,1.88752,0.337277,10.283,0.168621,1
0.55,1.92485,0.543094,10.275,1.98226,0.369447,10.2495,0.184658,1
0.6,1.91067,0.59104,10.3,1.96924,0.391498,10.268,0.210413,1
0.65,1.8953,0.638618,10.325,1.90741,0.733437,10.2546,0.118692,1
0.7,1.87875,0.685796,10.35,1.88199,0.798324,10.2866,0.129201,1
0.75,1.86102,0.732545,10.375,1.6695,0.684286,10.5316,0.25203,1
0.8,1.84212,0.778837,10.4,1.62781,0.726137,10.5783,0.283697,1
0.85,1.82208,0.824642,10.425,1.89505,0.959362,10.4822,0.163557,1
0.9,1.80089,0.869931,10.45,1.87815,1.01319,10.3592,0.186385,1
0.95,1.77859,0.914677,10.475,1.82829,0.893327,10.4913,0.0564916,1
1,1.75517,0.958851,10.5,1.80569,0.938494,10.5547,0.0772022,1
1.05,1.73065,1.00243,10.525,1.88985,1.09582,10.6044,0.200928,1
1.1,1.70505,1.04537,10.55,1.87874,1.13623,10.559,0.196226,1
1.15,1.67838,1.08767,10.575,1.60471,1.12608,10.5221,0.0984919,1
1.2,1.65067,1.12928,10.6,1.54237,1.20737,10.6709,0.151189,1
1.25,1.62193,1.17019,10.625,1.64821,1.22843,10.7194,0.113981,1
1.3,1.59217,1.21037,10.65,1.61088,1.28946,10.7039,0.0975035,1
1.35,1.56141,1.24979,10.675,1.70296,1.23587,10.7828,0.178486,1
1.4,1.52968,1.28844,10.7,1.68186,1.27475,10.6749,0.154833,1
1.45,1.497,1.32627,10.725,1.41758,1.22084,10.7257,0.131999,1
1.5,1.46338,1.36328,10.75,1.38075,1.24861,10.7178,0.144957,1
1.55,1.42884,1.39943,10.775,1.40164,1.38342,10.699,0.0823323,1
1.6,1.39341,1.43471,10.8,1.34823,1.43775,10.9205,0.128757,1
1.65,1.35711,1.4691,10.825,1.24958,1.55705,10.811,0.139626,1
1.7,1.31997,1.50256,10.85,1.23625,1.57035,10.864,0.108629,1
1.75,1.28199,1.53509,10.875,1.23537,1.44216,10.7746,0.144512,1
1.8,1.24322,1.56665,10.9,1.19401,1.47019,10.8323,0.127705,1
1.85,1.20367,1.59724,10.925,1.14795,1.70395,10.8239,0.15723,1
1.9,1.16337,1.62683,10.95,1.10447,1.7462,10.8136,0.190615,1
1.95,1.12234,1.6554,10.975,1.07663,1.69609,10.8864,0.107684,1
2,1.0806,1.68294,11,1.02397,1.73856,10.9998,0.0793764,1
2.05,1.0382,1.70943,11.025,1.05366,1.69304,11.004,0.0308072,1
2.1,0.995142,1.73485,11.05,0.823034,1.5572,11.1442,0.264674,1
2.15,0.951464,1.75918,11.075,0.773907,1.57064,11.1692,0.275593,1
2.2,0.907192,1.78241,11.1,0.831133,1.89549,11.0276,0.154333,1
2.25,0.862353,1.80454,11.125,0.783392,1.93129,11.0499,0.16716,1
2.3,0.816975,1.82553,11.15,0.735516,1.96692,11.1931,0.168766,1
2.35,0.771086,1.84538,11.175,0.800105,2.00807,11.1869,0.165681,1
2.4,0.724716,1.86408,11.2,0.745259,2.05459,11.2362,0.195009,1
2.45,0.677892,1.88161,11.225,0.760575,1.97894,11.2082,0.128809,1
2.5,0.630645,1.89797,11.25,0.713605,2.01216,11.3168,0.15617,1
2.55,0.583003,1.91314,11.275,0.524863,1.86327,11.2156,0.096917,1
2.6,0.534998,1.92712,11.3,0.469816,1.87898,11.2361,0.103165,1
2.65,0.486658,1.93989,11.325,0.489404,2.03712,11.2904,0.103258,1
2.7,0.438013,1.95145,11.35,0.443724,2.05914,11.395,0.116867,1
2.75,0.389095,1.96179,11.375,0.325117,1.95233,11.3907,0.0665453,1
2.8,0.339934,1.9709,11.4,0.268633,1.96519,11.3254,0.103373,1
2.85,0.290561,1.97878,11.425,0.290823,1.91491,11.4963,0.0957311,1
2.9,0.241006,1.98543,11.45,0.234101,1.92207,11.4604,0.0645765,1
2.95,0.1913,1.99083,11.475,0.260963,1.99012,11.4898,0.0712272,1
3,0.141474,1.99499,11.5,0.218578,1.99782,11.4756,0.0809281,1
3.05,0.0915606,1.9979,11.525,0.12488,2.09776,11.5609,0.111234,1
3.1,0.0415897,1.99957,11.55,0.0929629,2.10618,11.5986,0.127939,1
3.15,-0.00840732,1.99998,11.575,0.0358058,1.85866,11.5906,0.148894,1
3.2,-0.058399,1.99915,11.6,-0.0587139,2.08812,11.4868,0.144008,1
3.25,-0.108354,1.99706,11.625,-0.101944,2.09473,11.506,0.154115,1
3.3,-0.158242,1.99373,11.65,-0.154532,2.1018,11.5325,0.159698,1
3.35,-0.20803,1.98915,11.675,-0.0527916,1.9861,11.6517,0.157011,1
3.4,-0.257689,1.98333,11.7,-0.103163,1.98268,11.7805,0.174232,1
3.45,-0.307187,1.97627,11.725,-0.296923,1.95115,11.735,0.0289049,1
3.5,-0.356492,1.96797,11.75,-0.349419,1.94286,11.5181,0.233391,1
3.55,-0.405575,1.95845,11.775,-0.543837,2.06704,11.7334,0.180675,1
3.6,-0.454404,1.9477,11.8,-0.605637,2.06575,11.8866,0.210478,1
3.65,-0.50295,1.93573,11.825,-0.42725,1.97812,11.8249,0.0867622,1
3.7,-0.55118,1.92255,11.85,-0.473652,1.96891,11.8582,0.0907054,1
3.75,-0.599067,1.90817,11.875,-0.641255,1.97769,11.9909,0.141612,1
3.8,-0.646579,1.8926,11.9,-0.689926,1.96807,11.9068,0.0873026,1
3.85,-0.693687,1.87585,11.925,-0.607116,1.84813,11.9886,0.110955,1
3.9,-0.740362,1.85792,11.95,-0.651622,1.82875,12.0662,0.149079,1
3.95,-0.786573,1.83883,11.975,-0.910508,1.87619,12.0197,0.13693,1
4,-0.832294,1.81859,12,-0.962557,1.86016,12.0786,0.157695,1
4.05,-0.877494,1.79722,12.025,-0.71078,1.81302,12.0036,0.168822,1
4.1,-0.922145,1.77472,12.05,-0.717582,1.80914,12.04,0.20768,1
4.15,-0.966221,1.75112,12.075,-0.89312,1.74042,12.1291,0.0915849,1
4.2,-1.00969,1.72642,12.1,-0.791657,1.77391,11.9574,0.264799,1
4.25,-1.05253,1.70064,12.125,-0.821471,1.7522,11.977,0.279215,1
4.3,-1.09472,1.6738,12.15,-0.850333,1.7294,11.9573,0.31613,1
4.35,-1.13621,1.64591,12.175,-0.964872,1.67478,12.1715,0.173793,1
4.4,-1.177,1.61699,12.2,-1.0107,1.63766,12.201,0.167587,1
4.45,-1.21706,1.58707,12.225,-1.28704,1.46521,12.1674,0.151861,1
4.5,-1.25635,1.55615,12.25,-1.33161,1.42876,12.3177,0.162717,1
4.55,-1.29485,1.52425,12.275,-1.31125,1.61792,12.4001,0.157136,1
4.6,-1.33255,1.49141,12.3,-1.35094,1.59196,12.3834,0.131957,1
4.65,-1.36942,1.45763,12.325,-1.39237,1.39661,12.4756,0.164127,1
4.7,-1.40543,1.42295,12.35,-1.43872,1.35179,12.4245,0.108266,1
4.75,-1.44056,1.38737,12.375,-1.36887,1.36103,12.3914,0.0781042,1
4.8,-1.47479,1.35093,12.4,-1.4133,1.30916,12.4541,0.0919257,1
4.85,-1.5081,1.31364,12.425,-1.51978,1.32274,12.5169,0.0931076,1
4.9,-1.54046,1.27553,12.45,-1.53708,1.3047,12.5213,0.0771036,1
4.95,-1.57187,1.23662,12.475,-1.46442,1.1708,12.544,0.143677,1
5,-1.60229,1.19694,12.5,-1.48934,1.12917,12.5903,0.159705,1
5.05,-1.63171,1.15652,12.525,-1.58293,1.07616,12.346,0.202207,1
5.1,-1.66011,1.11537,12.55,-1.60921,1.03206,12.3643,0.209813,1
5.15,-1.68747,1.07352,12.575,-1.54173,1.10624,12.5572,0.150423,1
5.2,-1.71378,1.031,12.6,-1.57385,1.04252,12.5959,0.140458,1
5.25,-1.73901,0.987841,12.625,-1.59267,0.903513,12.7604,0.216449,1
5.3,-1.76316,0.944061,12.65,-1.60837,0.86154,12.7688,0.211867,1
5.35,-1.78621,0.899692,12.675,-1.80919,0.845053,12.6525,0.063384,1
5.4,-1.80814,0.85476,12.7,-1.83425,0.798619,12.6317,0.0921695,1
5.45,-1.82895,0.809294,12.725,-1.78096,0.862326,12.7171,0.0719567,1
5.5,-1.8486,0.763322,12.75,-1.80339,0.812417,12.6786,0.0977266,1
5.55,-1.86711,0.716873,12.775,-1.85142,0.655716,12.8074,0.0709676,1
5.6,-1.88444,0.669976,12.8,-1.86931,0.606876,12.7692,0.0718451,1
5.65,-1.9006,0.622661,12.825,-1.93149,0.507953,12.7661,0.132579,1
5.7,-1.91557,0.574956,12.85,-1.94969,0.455476,12.7807,0.142271,1
5.75,-1.92935,0.526892,12.875,-2.14041,0.506456,12.8258,0.217683,1
5.8,-1.94192,0.478499,12.9,-2.0677,0.517039,12.8693,0.135092,1
5.85,-1.95327,0.429806,12.925,-2.08652,0.4722,12.8929,0.143464,1
5.9,-1.9634,0.380845,12.95,-2.10424,0.427184,12.9389,0.148675,1
5.95,-1.97231,0.331646,12.975,-1.8853,0.355737,12.8881,0.125281,1
6,-1.97998,0.28224,13,-1.88872,0.304487,13.1273,0.158177,1
6.05,-1.98642,0.232657,13.025,-2.0505,0.33105,13.0662,0.124445,1
6.1,-1.99162,0.182929,13.05,-2.06044,0.283643,13.163,0.166248,1
6.15,-1.99557,0.133087,13.075,-2.02726,0.144026,13.2351,0.163602,1
6.2,-1.99827,0.0831613,13.1,-2.03143,0.0901655,13.0267,0.080789,1
6.25,-1.99972,0.0331838,13.125,-2.13236,0.0838977,13.0558,0.157977,1
6.3,-1.99993,-0.0168145,13.15,-2.11193,0.0237577,13.0242,0.173233,1
6.35,-1.99888,-0.0668023,13.175,-2.11529,-0.014212,13.0408,0.185249,1
6.4,-1.99659,-0.116748,13.2,-1.84956,-0.155794,13.2434,0.158201,1
6.45,-1.99305,-0.166621,13.225,-1.84441,-0.176603,13.2539,0.151746,1
6.5,-1.98826,-0.21639,13.25,-1.82276,-0.254688,13.2112,0.174245,1
6.55,-1.98223,-0.266024,13.275,-1.93427,-0.318759,13.3167,0.0825843,1
6.6,-1.97496,-0.315491,13.3,-1.92332,-0.37102,13.2831,0.0776851,1
6.65,-1.96646,-0.364762,13.325,-1.91781,-0.312755,13.2216,0.125559,1
6.7,-1.95672,-0.413804,13.35,-1.90174,-0.368572,13.2116,0.15567,1
6.75,-1.94577,-0.462588,13.375,-2.03692,-0.47406,13.3912,0.0932992,1
6.8,-1.9336,-0.511082,13.4,-2.02861,-0.523322,13.2401,0.186385,1
6.85,-1.92022,-0.559257,13.425,-1.93016,-0.60307,13.361,0.0781975,1
6.9,-1.90564,-0.607083,13.45,-1.91539,-0.653323,13.4516,0.0472851,1
6.95,-1.88987,-0.654529,13.475,-1.96424,-0.533922,13.5165,0.14765,1
7,-1.87291,-0.701566,13.5,-1.94771,-0.582994,13.4718,0.143008,1
7.05,-1.85479,-0.748165,13.525,-1.829,-0.722985,13.5064,0.0405727,1
7.1,-1.83551,-0.794296,13.55,-1.74933,-0.66103,13.415,0.208339,1
7.15,-1.81508,-0.839931,13.575,-1.72575,-0.695585,13.4335,0.221,1
7.2,-1.79352,-0.885041,13.6,-1.69518,-0.737143,13.3498,0.306868,1
7.25,-1.77083,-0.929598,13.625,-1.73262,-0.895593,13.6114,0.0529245,1
7.3,-1.74704,-0.973573,13.65,-1.70354,-0.943112,13.6529,0.0531864,1
7.35,-1.72216,-1.01694,13.675,-1.6564,-1.11219,13.6298,0.124248,1
7.4,-1.6962,-1.05967,13.7,-1.71168,-0.948548,13.6955,0.11229,1
7.45,-1.66918,-1.10174,13.725,-1.68811,-0.981211,13.718,0.122209,1
7.5,-1.64112,-1.14312,13.75,-1.66086,-1.01675,13.7287,0.129666,1
7.55,-1.61203,-1.18379,13.775,-1.4987,-1.04531,13.6871,0.199349,1
7.6,-1.58194,-1.22372,13.8,-1.4623,-1.07838,13.8041,0.188286,1
7.65,-1.55085,-1.26288,13.825,-1.57971,-1.30093,13.8038,0.052265,1
7.7,-1.5188,-1.30125,13.85,-1.54906,-1.34254,13.8225,0.0581326,1
7.75,-1.4858,-1.33881,13.875,-1.63496,-1.38016,13.9067,0.157993,1
7.8,-1.45186,-1.37553,13.9,-1.59494,-1.4422,13.9695,0.172479,1
7.85,-1.41703,-1.4114,13.925,-1.42986,-1.43865,13.9071,0.0350448,1
7.9,-1.3813,-1.44638,13.95,-1.39403,-1.47578,13.9899,0.0511536,1
7.95,-1.34471,-1.48045,13.975,-1.44374,-1.47586,14.1152,0.171706,1
8,-1.30729,-1.5136,14,-1.41062,-1.50937,14.0674,0.123449,1
8.05,-1.26904,-1.54581,14.025,-1.37348,-1.54527,14.0939,0.125127,1
8.1,-1.23,-1.57705,14.05,-1.33814,-1.5767,13.9833,0.127075,1
8.15,-1.1902,-1.6073,14.075,-1.30275,-1.60745,14.0065,0.131763,1
8.2,-1.14965,-1.63655,14.1,-1.26671,-1.63723,14.0229,0.140158,1
8.25,-1.10838,-1.66478,14.125,-1.23556,-1.65953,13.8296,0.321702,1
8.3,-1.06642,-1.69197,14.15,-1.19033,-1.69302,13.8254,0.347458,1
8.35,-1.02379,-1.7181,14.175,-1.15748,-1.71811,13.9695,0.245141,1
8.4,-0.980522,-1.74315,14.2,-1.11538,-1.747,14.0216,0.223682,1
8.45,-0.936641,-1.76712,14.225,-1.07754,-1.77277,14.1307,0.169635,1
8.5,-0.892175,-1.78998,14.25,-1.04372,-1.79546,14.2596,0.151952,1
8.55,-0.847151,-1.81172,14.275,-1.00391,-1.81865,14.2929,0.157931,1
8.6,-0.801598,-1.83233,14.3,-0.96039,-1.84346,14.3666,0.172542,1
8.65,-0.755544,-1.8518,14.325,-0.881517,-1.68109,14.4775,0.261267,1
8.7,-0.709018,-1.87011,14.35,-0.839148,-1.69305,14.6845,0.400214,1
8.75,-0.662049,-1.88724,14.375,-0.801085,-1.83757,14.5119,0.201338,1
8.8,-0.614666,-1.9032,14.4,-0.788044,-1.8424,14.4735,0.197877,1
8.85,-0.566899,-1.91797,14.425,-0.844379,-1.79987,14.529,0.318981,1
8.9,-0.518777,-1.93155,14.45,-0.78313,-1.81664,14.5608,0.308794,1
8.95,-0.470331,-1.94391,14.475,-0.508216,-1.95994,14.6416,0.171652,1
9,-0.421592,-1.95506,14.5,-0.456559,-1.97423,14.4966,0.0400252,1
9.05,-0.372588,-1.96499,14.525,-0.256876,-1.81607,14.605,0.204843,1
9.1,-0.323352,-1.97369,14.55,-0.190705,-1.81974,14.7751,0.303248,1
9.15,-0.273914,-1.98115,14.575,-0.185836,-2.04179,14.5998,0.109773,1
9.2,-0.224305,-1.98738,14.6,-0.120969,-2.05495,14.5324,0.14078,1
9.25,-0.174556,-1.99237,14.625,-0.15608,-1.90914,14.6678,0.0954114,1
9.3,-0.124697,-1.99611,14.65,-0.101472,-1.91024,14.5616,0.125397,1
9.35,-0.0747605,-1.9986,14.675,-0.116905,-1.8495,14.5715,0.186308,1
9.4,-0.0247773,-1.99985,14.7,-0.0659662,-1.84521,14.6878,0.160492,1
9.45,0.0252214,-1.99984,14.725,-0.0201454,-1.79026,14.6808,0.218943,1
9.5,0.0752043,-1.99859,14.75,0.0700432,-1.77419,14.7396,0.224695,1
9.55,0.12514,-1.99608,14.775,0.0823041,-1.92135,14.7265,0.0988536,1
9.6,0.174998,-1.99233,14.8,0.17212,-1.91421,14.7136,0.116486,1
9.65,0.224746,-1.98733,14.825,0.272708,-1.92838,14.8125,0.0770202,1
9.7,0.274354,-1.98109,14.85,0.279997,-1.92836,14.7257,0.135115,1
9.75,0.323791,-1.97362,14.875,0.332635,-1.92136,14.747,0.138578,1
9.8,0.373025,-1.96491,14.9,0.385167,-1.91297,14.7161,0.191473,1
9.85,0.422026,-1.95497,14.925,0.357868,-1.96555,15.0134,0.10973,1
9.9,0.470763,-1.94381,14.95,0.410733,-1.95749,14.9944,0.0758918,1
9.95,0.519206,-1.93143,14.975,0.580655,-1.90205,14.9239,0.0851473,1
10,0.567324,-1.91785,15,0.634609,-1.88974,14.9191,0.108908,1
10.05,0.615088,-1.90307,15.025,0.726442,-1.95181,15.0847,0.135435,1
10.1,0.662468,-1.8871,15.05,0.781817,-1.94124,15.0927,0.137821,1
10.15,0.709433,-1.86995,15.075,0.67069,-1.94382,15.0073,0.107416,1
10.2,0.755955,-1.85163,15.1,0.762721,-1.87369,15.0029,0.0997813,1
10.25,0.802005,-1.83215,15.125,0.810561,-1.85746,15.0253,0.103175,1
10.3,0.847554,-1.81153,15.15,0.857819,-1.84058,15.1914,0.0516293,1
10.35,0.892572,-1.78978,15.175,0.837639,-1.90015,15.0605,0.168274,1
10.4,0.937033,-1.76691,15.2,0.876097,-1.88665,15.1224,0.155147,1
10.45,0.980909,-1.74293,15.225,0.956418,-1.83325,15.2545,0.0981174,1
10.5,1.02417,-1.71787,15.25,0.999712,-1.81385,15.081,0.195867,1
10.55,1.06679,-1.69173,15.275,1.10568,-1.69856,15.1224,0.157654,1
10.6,1.10875,-1.66453,15.3,1.06476,-1.7648,15.3231,0.111907,1
10.65,1.15001,-1.6363,15.325,1.10077,-1.74519,15.3472,0.121549,1
10.7,1.19056,-1.60704,15.35,1.14392,-1.72,15.3141,0.127364,1
10.75,1.23035,-1.57678,15.375,1.15884,-1.51744,15.3661,0.0933467,1
10.8,1.26939,-1.54553,15.4,1.19528,-1.48348,15.4733,0.121327,1
10.85,1.30762,-1.51331,15.425,1.37339,-1.52449,15.4224,0.0667657,1
10.9,1.34504,-1.48015,15.45,1.41564,-1.49216,15.3906,0.0930227,1
10.95,1.38162,-1.44607,15.475,1.44878,-1.64098,15.4577,0.206881,1
11,1.41734,-1.41108,15.5,1.48924,-1.61676,15.508,0.218027,1
11.05,1.45217,-1.37521,15.525,1.37441,-1.46788,15.3686,0.197703,1
11.1,1.48609,-1.33848,15.55,1.40842,-1.43249,15.5205,0.125479,1
11.15,1.51909,-1.30091,15.575,1.59713,-1.3348,15.4179,0.178679,1
11.2,1.55113,-1.26253,15.6,1.6507,-1.28153,15.4766,0.159685,1
11.25,1.58221,-1.22336,15.625,1.49106,-1.29552,15.5976,0.119438,1
11.3,1.61229,-1.18343,15.65,1.62843,-1.32683,15.6761,0.146643,1
11.35,1.64137,-1.14276,15.675,1.65955,-1.29294,15.7029,0.153836,1
11.4,1.66943,-1.10137,15.7,1.68952,-1.25824,15.6662,0.161722,1
11.45,1.69644,-1.0593,15.725,1.81385,-1.17918,15.6576,0.180849,1
11.5,1.72238,-1.01656,15.75,1.85409,-1.13269,15.6155,0.221163,1
11.55,1.74726,-0.973185,15.775,1.77305,-1.0283,15.6757,0.116474,1
11.6,1.77104,-0.929204,15.8,1.79655,-0.989316,15.7866,0.0666545,1
11.65,1.79371,-0.884643,15.825,1.88832,-0.967288,15.8969,0.144742,1
11.7,1.81527,-0.839528,15.85,1.91525,-0.924053,15.8661,0.131911,1
11.75,1.83569,-0.793889,15.875,1.87121,-0.855597,15.9019,0.076123,1
11.8,1.85496,-0.747753,15.9,1.89226,-0.810066,15.9032,0.0726975,1
11.85,1.87307,-0.701151,15.925,1.886,-0.732986,15.9091,0.037842,1
11.9,1.89001,-0.65411,15.95,1.89143,-0.718668,15.9629,0.065851,1
11.95,1.90577,-0.60666,15.975,1.84705,-0.63326,16.0517,0.100202,1
12,1.92034,-0.558831,16,1.85931,-0.579034,16.0789,0.101759,1
12.05,1.93371,-0.510653,16.025,1.83641,-0.521905,16.0825,0.113588,1
12.1,1.94587,-0.462156,16.05,1.84305,-0.471432,16.1421,0.138332,1
12.15,1.95682,-0.413369,16.075,1.81123,-0.417582,16.1173,0.15166,1
12.2,1.96654,-0.364325,16.1,1.81325,-0.366148,16.1523,0.161975,1
12.25,1.97503,-0.315053,16.125,1.88199,-0.276951,16.1733,0.11155,1
12.3,1.98229,-0.265584,16.15,1.88481,-0.22294,16.1458,0.10648,1
12.35,1.98831,-0.215949,16.175,1.96628,-0.158475,16.1685,0.0618927,1
12.4,1.99308,-0.166179,16.2,1.97162,-0.0979467,16.3449,0.161569,1
12.45,1.99662,-0.116305,16.225,1.91882,-0.0443897,16.2639,0.112848,1
12.5,1.9989,-0.0663584,16.25,1.91822,0.0108477,16.4229,0.205867,1
12.55,1.99993,-0.0163704,16.275,1.99899,-0.0245506,16.4018,0.127051,1
12.6,1.99972,0.0336278,16.3,2.00042,0.0313185,16.502,0.20198,1
12.65,1.99825,0.083605,16.325,2.03565,-0.0161201,16.3741,0.117288,1
12.7,1.99554,0.13353,16.35,2.03613,0.0345241,16.4172,0.126361,1
12.75,1.99158,0.183371,16.375,2.04298,0.239577,16.4507,0.107362,1
12.8,1.98637,0.233098,16.4,2.04095,0.299517,16.4203,0.0883224,1
12.85,1.97992,0.28268,16.425,2.17317,0.482886,16.4847,0.28459,1
12.9,1.97224,0.332084,16.45,2.02819,0.321691,16.4986,0.0748092,1
12.95,1.96332,0.381281,16.475,2.02326,0.36103,16.5195,0.0773765,1
13,1.95318,0.43024,16.5,2.01428,0.419714,16.4845,0.0638985,1
13.05,1.94181,0.47893,16.525,2.00638,0.463465,16.5064,0.0689628,1
13.1,1.92923,0.52732,16.55,1.99449,0.516916,16.3773,0.184914,1
13.15,1.91545,0.575381,16.575,1.98404,0.560192,16.3946,0.193556,1
13.2,1.90047,0.623083,16.6,1.98338,0.56926,16.6634,0.117425,1
13.25,1.8843,0.670395,16.625,1.95791,0.659151,16.6843,0.095219,1
13.3,1.86695,0.717288,16.65,1.94226,0.705864,16.654,0.0762741,1
13.35,1.84844,0.763732,16.675,1.92807,0.751603,16.8475,0.190403,1
13.4,1.82877,0.8097,16.7,1.90865,0.797712,16.7253,0.0846592,2
13.45,1.80795,0.855161,16.725,1.89177,0.838365,16.732,0.0857681,2
13.5,1.78601,0.900088,16.75,1.86989,0.887493,16.7457,0.0849231,2
13.55,1.76295,0.944453,16.775,1.84821,0.931689,16.7329,0.0959235,2
13.6,1.73879,0.988227,16.8,1.82874,0.974997,16.8704,0.114991,2
13.65,1.71355,1.03138,16.825,1.8129,1.00099,16.7942,0.108358,2
13.7,1.68723,1.0739,16.85,1.78263,1.06031,16.9469,0.136631,2
13.75,1.65986,1.11574,16.875,1.60445,0.999122,16.9274,0.139325,1
13.8,1.63145,1.15688,16.9,1.5715,1.03574,16.724,0.221945,1
13.85,1.60202,1.1973,16.925,1.50821,1.23169,16.9317,0.100147,1
13.9,1.57159,1.23697,16.95,1.46806,1.27923,16.8801,0.131885,1
13.95,1.54018,1.27587,16.975,1.46013,1.18701,17.0086,0.124218,1
14,1.5078,1.31397,17,1.42319,1.2217,16.9963,0.125251,1
14.05,1.47449,1.35125,17.025,1.38123,1.28926,16.9663,0.126426,1
14.1,1.44025,1.38769,17.05,1.33793,1.32764,17.0272,0.12081,1
14.15,1.40511,1.42326,17.075,1.43582,1.37913,17.0406,0.0638125,1
14.2,1.36909,1.45794,17.1,1.39803,1.41656,17.0095,0.103653,1
14.25,1.33222,1.49171,17.125,1.4068,1.41824,17.1119,0.105501,1
14.3,1.29452,1.52454,17.15,1.37715,1.59562,17.1783,0.112623,1
14.35,1.256,1.55643,17.175,1.35341,1.62189,17.1968,0.119369,1
14.4,1.2167,1.58734,17.2,1.30788,1.66943,17.1137,0.149982,1
14.45,1.17664,1.61725,17.225,1.15007,1.68687,17.2011,0.0782475,1
14.5,1.13585,1.64616,17.25,1.10292,1.72421,17.2434,0.084967,1
14.55,1.09434,1.67404,17.275,1.30188,1.60599,17.1409,0.256271,1
14.6,1.05216,1.70087,17.3,1.29563,1.61102,17.2011,0.277738,1
14.65,1.00931,1.72664,17.325,0.957746,1.59009,17.1869,0.200968,1
14.7,0.965832,1.75133,17.35,0.905427,1.61052,17.248,0.18407,1
14.75,0.921751,1.77493,17.375,0.954343,1.69178,17.3983,0.0923033,1
14.8,0.877095,1.79742,17.4,0.928222,1.70371,17.4989,0.145489,1
14.85,0.83189,1.81878,17.425,0.831316,1.73168,17.3282,0.130194,1
14.9,0.786165,1.83901,17.45,0.784626,1.74894,17.4656,0.0914244,1
14.95,0.739949,1.85808,17.475,0.655538,2.02233,17.4047,0.197608,1
15,0.693271,1.876,17.5,0.60289,2.05012,17.2792,0.295372,1
15.05,0.646159,1.89274,17.525,0.574699,2.05375,17.4639,0.186446,1
15.1,0.598643,1.9083,17.55,0.516892,2.08113,17.4101,0.236902,1
15.15,0.550754,1.92267,17.575,0.598173,1.81512,17.4479,0.173154,1
15.2,0.50252,1.93584,17.6,0.53719,1.82546,17.5356,0.132422,1
15.25,0.453972,1.9478,17.625,0.496328,2.03828,17.612,0.100749,1
15.3,0.40514,1.95854,17.65,0.449031,2.05409,17.657,0.10539,1
15.35,0.356055,1.96805,17.675,0.367996,1.92515,17.6152,0.0745926,1
15.4,0.306748,1.97634,17.7,0.30772,1.93209,17.5247,0.180765,1
15.45,0.257249,1.98339,17.725,0.383973,2.02204,17.7355,0.132905,1
15.5,0.207589,1.9892,17.75,0.339939,2.03019,17.8294,0.159701,1
15.55,0.157799,1.99377,17.775,0.10803,2.14083,17.7676,0.15544,1
15.6,0.107911,1.99709,17.8,0.0426167,2.15379,17.7236,0.186154,1
15.65,0.0579552,1.99916,17.825,-0.00504564,2.14553,17.8531,0.161813,1
15.7,0.00796325,1.99998,17.85,-0.0596344,2.15308,17.8436,0.167477,1
15.75,-0.0420336,1.99956,17.875,0.0240651,1.88432,17.8392,0.137581,1
15.8,-0.0920043,1.99788,17.9,-0.0233875,1.87528,17.8835,0.141467,1
15.85,-0.141917,1.99496,17.925,-0.151106,1.95227,17.7287,0.201142,1
15.9,-0.191742,1.99079,17.95,-0.208263,1.9436,17.6922,0.262567,1
15.95,-0.241446,1.98537,17.975,-0.288347,2.08324,18.003,0.112079,1
16,-0.291,1.97872,18,-0.341525,2.08033,17.9399,0.128392,1
16.05,-0.340372,1.97082,18.025,-0.313005,1.96978,18.055,0.0406177,1
16.1,-0.389531,1.9617,18.05,-0.361787,1.95927,18.0362,0.0310678,1
16.15,-0.438447,1.95135,18.075,-0.361052,1.90798,17.9897,0.123043,1
16.2,-0.487088,1.93978,18.1,-0.411642,1.89157,18.0054,0.130271,1
16.25,-0.535426,1.927,18.125,-0.451868,2.0908,18.0919,0.186842,1
16.3,-0.583428,1.91301,18.15,-0.516406,2.08097,18.0813,0.19344,1
16.35,-0.631066,1.89783,18.175,-0.61822,2.00235,18.1375,0.111799,1
16.4,-0.67831,1.88146,18.2,-0.833458,1.79598,18.2926,0.199901,1
16.45,-0.725129,1.86392,18.225,-0.861456,1.78443,18.3068,0.177768,1
16.5,-0.771496,1.84521,18.25,-0.944941,1.74865,18.512,0.328693,1
16.55,-0.81738,1.82535,18.275,-0.818149,1.76295,18.2851,0.0632083,1
16.6,-0.862754,1.80434,18.3,-0.836784,1.75207,18.1138,0.195154,1
16.65,-0.907588,1.78221,18.325,-1.02804,1.72946,18.2857,0.137244,1
16.7,-0.951855,1.75897,18.35,-1.08442,1.7002,18.4188,0.160514,1
16.75,-0.995527,1.73463,18.375,-1.08442,1.7002,18.4188,0.10492,1
16.8,-1.03858,1.7092,18.4,-1.01368,1.66899,18.6473,0.251788,1
16.85,-1.08098,1.6827,18.425,-0.861277,1.54623,18.5076,0.271523,1
16.9,-1.1227,1.65515,18.45,-1.01983,1.57152,18.5003,0.141806,1
16.95,-1.16373,1.62657,18.475,-1.05314,1.54177,18.5243,0.147837,1
17,-1.20402,1.59697,18.5,-1.09287,1.50468,18.6533,0.210643,1
17.05,-1.24357,1.56638,18.525,-1.1992,1.65257,18.5319,0.0971913,1
17.1,-1.28233,1.5348,18.55,-1.23697,1.62405,18.4283,0.15761,1
17.15,-1.3203,1.50227,18.575,-1.22629,1.52239,18.6303,0.110914,1
17.2,-1.35744,1.46879,18.6,-1.26395,1.48623,18.772,0.196563,1
17.25,-1.39373,1.4344,18.625,-1.2318,1.61509,18.5222,0.263523,1
17.3,-1.42915,1.39911,18.65,-1.46974,1.40547,18.5604,0.0986046,1
17.35,-1.46368,1.36295,18.675,-1.50441,1.37193,18.5807,0.10314,1
17.4,-1.49729,1.32594,18.7,-1.54588,1.32994,18.6287,0.0863947,1
17.45,-1.52997,1.2881,18.725,-1.46434,1.40815,18.67,0.147476,1
17.5,-1.56169,1.24945,18.75,-1.49427,1.37329,18.6035,0.203322,1
17.55,-1.59244,1.21002,18.775,-1.5168,1.31031,18.6996,0.146488,1
17.6,-1.62219,1.16983,18.8,-1.53982,1.28131,18.8943,0.167653,1
17.65,-1.65092,1.12892,18.825,-1.66108,1.09878,18.7086,0.120702,1
17.7,-1.67863,1.0873,18.85,-1.6943,1.04894,18.7816,0.0800013,1
17.75,-1.70528,1.045,18.875,-1.72969,1.07203,18.796,0.0869903,1
17.8,-1.73087,1.00204,18.9,-1.68918,0.984495,18.8668,0.0561318,1
17.85,-1.75538,0.958461,18.925,-1.68918,0.984495,18.8668,0.0919327,1
17.9,-1.77879,0.914282,18.95,-1.68918,0.984495,18.8668,0.141025,1
17.95,-1.80109,0.869531,18.975,-1.80014,0.938987,18.9121,0.0936846,1
18,-1.82226,0.824237,19,-1.82482,0.890449,18.8964,0.123008,1
18.05,-1.84229,0.778428,19.025,-1.89546,0.965735,19.083,0.203152,1
18.1,-1.86118,0.732132,19.05,-1.91792,0.926314,19.0526,0.20232,1
18.15,-1.8789,0.685378,19.075,-2.09194,0.760567,19.065,0.22614,1
18.2,-1.89544,0.638197,19.1,-2.12254,0.708907,18.8611,0.337128,1
18.25,-1.9108,0.590616,19.125,-1.89555,0.583077,18.988,0.138057,1
18.3,-1.92497,0.542666,19.15,-1.90867,0.531519,18.9861,0.165126,1
18.35,-1.93793,0.494378,19.175,-1.99831,0.508849,19.0487,0.140716,1
18.4,-1.94969,0.44578,19.2,-2.01312,0.457974,19.113,0.108366,1
18.45,-1.96022,0.396903,19.225,-1.97567,0.338463,19.133,0.110086,1
18.5,-1.96953,0.347779,19.25,-1.99124,0.25409,19.2496,0.0961714,1
18.55,-1.97761,0.298437,19.275,-2.05331,0.380977,19.1964,0.136808,1
18.6,-1.98445,0.248909,19.3,-2.06374,0.333411,19.2323,0.134211,1
18.65,-1.99005,0.199225,19.325,-2.17293,0.376161,19.2059,0.28097,1
18.7,-1.99441,0.149417,19.35,-2.1932,0.309293,19.0771,0.373565,1
18.75,-1.99752,0.0995148,19.375,-2.18864,0.0304427,19.3384,0.206475,1
18.8,-1.99939,0.0495509,19.4,-2.19882,-0.0262682,19.2933,0.238533,1
18.85,-2,-0.000444078,19.425,-2.05656,0.0108541,19.4237,0.057688,1
18.9,-1.99936,-0.0504387,19.45,-2.05724,-0.0467358,19.4666,0.0603325,1
18.95,-1.99748,-0.100402,19.475,-1.99248,-0.104825,19.5083,0.0339356,1
19,-1.99434,-0.150302,19.5,-1.98702,-0.158015,19.4252,0.0755857,1
19.05,-1.98996,-0.200109,19.525,-2.0296,-0.242278,19.5775,0.07812,1
19.1,-1.98434,-0.24979,19.55,-2.02413,-0.296694,19.5644,0.0631622,1
19.15,-1.97748,-0.299315,19.575,-1.98119,-0.331189,19.5638,0.0340015,1
19.2,-1.96938,-0.348654,19.6,-1.93431,-0.322139,19.7565,0.162533,1
19.25,-1.96004,-0.397774,19.625,-1.92676,-0.351907,19.7748,0.16018,1
19.3,-1.94949,-0.446646,19.65,-1.90738,-0.421125,19.8484,0.204413,1
19.35,-1.93771,-0.495238,19.675,-1.96299,-0.494879,19.6945,0.0319369,1
19.4,-1.92473,-0.543521,19.7,-1.95113,-0.539927,19.7696,0.0745374,1
19.45,-1.91054,-0.591465,19.725,-1.8791,-0.618063,19.8478,0.129565,1
19.5,-1.89516,-0.639038,19.75,-1.85834,-0.674387,19.7521,0.0510826,1
19.55,-1.87859,-0.686213,19.775,-1.91444,-0.647717,19.6747,0.113242,1
19.6,-1.86085,-0.732958,19.8,-1.89517,-0.699134,19.6847,0.124919,1
19.65,-1.84195,-0.779246,19.825,-1.98925,-0.805272,19.8627,0.154253,1
19.7,-1.82189,-0.825046,19.85,-1.97392,-0.859315,19.8939,0.161905,1
19.75,-1.8007,-0.870331,19.875,-1.72791,-1.00474,19.8466,0.155465,1
19.8,-1.77838,-0.915072,19.9,-1.69716,-1.06346,19.9873,0.190365,1
19.85,-1.75495,-0.959241,19.925,-1.69019,-1.06447,19.989,0.139136,1
19.9,-1.73043,-1.00281,19.95,-1.65743,-1.11968,19.9382,0.138302,1
19.95,-1.70482,-1.04575,19.975,-1.60885,-0.848778,20.0126,0.222319,1
20,-1.67814,-1.08804,20,-1.57255,-0.885181,20.0752,0.240732,1
